Timestamp,Activity,Description,Duration,Notes
2025-10-04 16:33:25,Code Review,Fixed React JSX parsing error,15 min,Issue resolved
2025-10-04 16:33:25,Feature Development,Added Google Sheets integration,45 min,Working great!
2025-10-04 16:33:25,Screen Analysis,AI detected coding session,2 min,Automatic detection
2025-10-04 16:33:25,Bug Fix,Resolved speech bubble sizing,20 min,Dynamic sizing works
2025-10-04 16:33:25,Planning,Designed new pet features,30 min,Productive session
2025-10-04 16:36:34,Python Development,Fixed JSX parsing errors,45 min,,Demo
2025-10-04 16:36:34,UI Design,Streamlined context menu,30 min,,Demo
2025-10-04 16:36:34,Bug Fixes,Fixed speech bubble sizing,25 min,,Demo
2025-10-04 16:36:34,Integration,Added Google Sheets CSV export,60 min,,Demo
2025-10-04 16:36:34,Testing,Validated CSV workflow,15 min,,Demo
2025-10-04 18:38:02,Pet Change,Changed to Time Keeper (clock),,Settings,Now punctual and organized
2025-10-04 18:40:53,Pet Change,Changed to Home Guardian (house),,Settings,Now cozy and protective
2025-10-04 18:41:00,Pet Change,Changed to Ghost Pixie (ghost),,Settings,Now mysterious and helpful
2025-10-04 18:48:04,Pet Change,Changed to Time Keeper (clock),,Settings,Now punctual and organized
2025-10-04 18:50:48,Pet Change,Changed to Ghost Pixie (ghost),,Settings,Now mysterious and helpful
2025-10-04 18:53:12,Pet Change,Changed to Time Keeper (clock),,Settings,Now punctual and organized
2025-10-04 18:59:01,Pet Change,Changed to Time Keeper (clock),,Settings,Now punctual and organized
2025-10-04 18:59:06,Pet Change,Changed to Ghost Pixie (ghost),,Settings,Now mysterious and helpful
2025-10-04 19:16:54,Pet Change,Changed to Time Keeper (clock),,Settings,Now punctual and organized
2025-10-04 19:17:09,Pet Change,Changed to Home Guardian (house),,Settings,Now cozy and protective
2025-10-04 19:17:15,Pet Change,Changed to Time Keeper (clock),,Settings,Now punctual and organized
2025-10-04 19:17:26,Pet Change,Changed to Ghost Pixie (ghost),,Settings,Now mysterious and helpful
2025-10-04 19:25:09,Pet Change,Changed to Home Guardian (house),,Settings,Now cozy and protective
2025-10-04 19:25:38,Pet Change,Changed to Time Keeper (clock),,Settings,Now punctual and organized
2025-10-04 19:34:45,Pet Change,Changed to Ghost Pixie (ghost),,Settings,Now mysterious and helpful
2025-10-04 19:34:49,Pet Change,Changed to Time Keeper (clock),,Settings,Now punctual and organized
2025-10-04 19:50:01,Pet Change,Changed to Ghost Pixie (ghost),,Settings,Now mysterious and helpful
